<?xml version="1.0" encoding="utf-8" ?><dwsync><file name="bgheader.jpg" server="eentertainment.co//" local="3473048502" remote="3325818030894296192" Dst="-1" /><file name="bnbCal.png" server="eentertainment.co//" local="3473177313" remote="3325818030894296192" Dst="-1" /><file name="zoom.png" server="eentertainment.co//" local="3473048526" remote="3325818030894296192" Dst="-1" /><file name="play.png" server="eentertainment.co//" local="3473048522" remote="3325818030894296192" Dst="-1" /><file name="fb.png" server="eentertainment.co//" local="3473069280" remote="3325818030894296192" Dst="-1" /><file name="tw.png" server="eentertainment.co//" local="3473048526" remote="3325818030894296192" Dst="-1" /><file name="gpl.png" server="eentertainment.co//" local="3473048519" remote="3325818030894296192" Dst="-1" /><file name="pin.png" server="eentertainment.co//" local="3473048521" remote="3325818030894296192" Dst="-1" /><file name="tum.png" server="eentertainment.co//" local="3473048525" remote="3325818030894296192" Dst="-1" /><file name="formuser.jpg" server="eentertainment.co//" local="3473048518" remote="3325818030894296192" Dst="-1" /><file name="formpw.jpg" server="eentertainment.co//" local="3473048518" remote="3325818030894296192" Dst="-1" /><file name="whitelogo.png" server="eentertainment.co//" local="3473055292" remote="1339495643332947072" Dst="-1" /><file name=".DS_Store" server="eentertainment.co//eentertainment.co/" local="3473137276" remote="7768584316" Dst="-1" /><file name="bgheader.jpg" server="eentertainment.co//eentertainment.co/" local="3473048502" remote="2146972034969317500" Dst="-1" /><file name="calendar.png" server="eentertainment.co//eentertainment.co/" local="3473100079" remote="-4611698418819321732" Dst="-1" /><file name="bnbCal.png" server="eentertainment.co//eentertainment.co/" local="3473177313" remote="2146972034969317500" Dst="-1" /><file name="check_mark.png" server="eentertainment.co//eentertainment.co/" local="3473048502" remote="-4611698418819321732" Dst="-1" /><file name="close_icon.png" server="eentertainment.co//eentertainment.co/" local="3473048503" remote="-4611698418819321732" Dst="-1" /><file name="d1.jpg" server="eentertainment.co//eentertainment.co/" local="3473048504" remote="-4611698418819321732" Dst="-1" /><file name="d2.jpg" server="eentertainment.co//eentertainment.co/" local="3473048504" remote="-4611698418819321732" Dst="-1" /><file name="d3.jpg" server="eentertainment.co//eentertainment.co/" local="3473048505" remote="-4611698418819321732" Dst="-1" /><file name="d4.jpg" server="eentertainment.co//eentertainment.co/" local="3473048506" remote="-4611698418819321732" Dst="-1" /><file name="d5.jpg" server="eentertainment.co//eentertainment.co/" local="3473048506" remote="-4611698418819321732" Dst="-1" /><file name="favmask.png" server="eentertainment.co//eentertainment.co/" local="3473048517" remote="7768584376" Dst="-1" /><file name="FB.png" server="eentertainment.co//eentertainment.co/" local="3473069280" remote="-4611698418819321672" Dst="-1" /><file name="formpw.jpg" server="eentertainment.co//eentertainment.co/" local="3473048518" remote="2146972034969317560" Dst="-1" /><file name="formuser.jpg" server="eentertainment.co//eentertainment.co/" local="3473048518" remote="2146972034969317560" Dst="-1" /><file name="G.png" server="eentertainment.co//eentertainment.co/" local="3473069943" remote="-4611698418819321672" Dst="-1" /><file name="gpl.png" server="eentertainment.co//eentertainment.co/" local="3473048519" remote="2146972034969317560" Dst="-1" /><file name="greyFacebook.png" server="eentertainment.co//eentertainment.co/" local="3473100708" remote="-4611698418819321672" Dst="-1" /><file name="greyGoogle.png" server="eentertainment.co//eentertainment.co/" local="3473100695" remote="-4611698418819321672" Dst="-1" /><file name="greylinkedin.png" server="eentertainment.co//eentertainment.co/" local="3473102297" remote="-4611698418819321672" Dst="-1" /><file name="greypinterest.png" server="eentertainment.co//eentertainment.co/" local="3473102312" remote="-4611698418819321672" Dst="-1" /><file name="greyTwitter.png" server="eentertainment.co//eentertainment.co/" local="3473100626" remote="-4611698418819321672" Dst="-1" /><file name="greyYoutube.png" server="eentertainment.co//eentertainment.co/" local="3473100615" remote="-4611698418819321672" Dst="-1" /><file name="likemask.png" server="eentertainment.co//eentertainment.co/" local="3473048519" remote="-4611698418819321672" Dst="-1" /><file name="linkedin.png" server="eentertainment.co//eentertainment.co/" local="3473069310" remote="-4611698418819321672" Dst="-1" /><file name="logo.png" server="eentertainment.co//eentertainment.co/" local="3473055607" remote="-4611698418819321672" Dst="-1" /><file name="logreg.png" server="eentertainment.co//eentertainment.co/" local="3473048521" remote="-4611698418819321672" Dst="-1" /><file name="pin.png" server="eentertainment.co//eentertainment.co/" local="3473048521" remote="2146972034969317560" Dst="-1" /><file name="paypal.png" server="eentertainment.co//eentertainment.co/" local="3473100167" remote="-4611698418819321672" Dst="-1" /><file name="pinterest.png" server="eentertainment.co//eentertainment.co/" local="3473068228" remote="-4611698418819321672" Dst="-1" /><file name="play.png" server="eentertainment.co//eentertainment.co/" local="3473048522" remote="2146972034969317560" Dst="-1" /><file name="profile_icon.png" server="eentertainment.co//eentertainment.co/" local="3473048522" remote="-4611698418819321672" Dst="-1" /><file name="settings_icon.png" server="eentertainment.co//eentertainment.co/" local="3473048523" remote="-4611698418819321672" Dst="-1" /><file name="sharemask.png" server="eentertainment.co//eentertainment.co/" local="3473048523" remote="-4611698418819321672" Dst="-1" /><file name="sign_out_icon.png" server="eentertainment.co//eentertainment.co/" local="3473048524" remote="-4611698418819321672" Dst="-1" /><file name="star.png" server="eentertainment.co//eentertainment.co/" local="3473048525" remote="-4611698418819321672" Dst="-1" /><file name="tum.png" server="eentertainment.co//eentertainment.co/" local="3473048525" remote="2146972034969317560" Dst="-1" /><file name="tw.png" server="eentertainment.co//eentertainment.co/" local="3473048526" remote="2146972034969317560" Dst="-1" /><file name="twitter.png" server="eentertainment.co//eentertainment.co/" local="3473070760" remote="-4611698418819321672" Dst="-1" /><file name="whitelogo.png" server="eentertainment.co//eentertainment.co/" local="3473055292" remote="2137199575621644472" Dst="-1" /><file name="youtube.png" server="eentertainment.co//eentertainment.co/" local="3473069292" remote="-4611698418819321672" Dst="-1" /><file name="zoom.png" server="eentertainment.co//eentertainment.co/" local="3473048526" remote="2146972034969317560" Dst="-1" /><file name="photos.png" server="eentertainment.co//eentertainment.co/" local="3473100082" remote="7768584376" Dst="-1" /><file name="fb.png" server="eentertainment.co//eentertainment.co/" local="3473069280" remote="2146972034969319600" Dst="-1" /></dwsync>