<?xml version="1.0" encoding="utf-8" ?><dwsync><file name=".DS_Store" server="eentertainment.co//eentertainment.co/" local="3473100966" remote="7768584316" Dst="-1" /><file name="d1.jpg" server="eentertainment.co//eentertainment.co/" local="3473048504" remote="-4611698418819321732" Dst="-1" /><file name="d11.jpg" server="eentertainment.co//eentertainment.co/" local="3473048510" remote="-4611698418819321732" Dst="-1" /><file name="d10.jpg" server="eentertainment.co//eentertainment.co/" local="3473048510" remote="-4611698418819321732" Dst="-1" /><file name="d12.jpg" server="eentertainment.co//eentertainment.co/" local="3473048511" remote="-4611698418819321732" Dst="-1" /><file name="d2.jpg" server="eentertainment.co//eentertainment.co/" local="3473048504" remote="-4611698418819321732" Dst="-1" /><file name="d4.jpg" server="eentertainment.co//eentertainment.co/" local="3473048506" remote="-4611698418819321732" Dst="-1" /><file name="d3.jpg" server="eentertainment.co//eentertainment.co/" local="3473048505" remote="-4611698418819321732" Dst="-1" /><file name="d5.jpg" server="eentertainment.co//eentertainment.co/" local="3473048506" remote="-4611698418819321732" Dst="-1" /><file name="d6.jpg" server="eentertainment.co//eentertainment.co/" local="3473048507" remote="-4611698418819321732" Dst="-1" /><file name="d7.jpg" server="eentertainment.co//eentertainment.co/" local="3473048508" remote="-4611698418819321732" Dst="-1" /><file name="d8.jpg" server="eentertainment.co//eentertainment.co/" local="3473048508" remote="-4611698418819321732" Dst="-1" /><file name="d9.jpg" server="eentertainment.co//eentertainment.co/" local="3473048509" remote="-4611698418819321732" Dst="-1" /><file name="mode1.png" server="eentertainment.co//eentertainment.co/" local="3473048512" remote="-4611698418819321732" Dst="-1" /><file name="popup1.jpg" server="eentertainment.co//eentertainment.co/" local="3473048514" remote="-4611698418819321672" Dst="-1" /><file name="mode2.png" server="eentertainment.co//eentertainment.co/" local="3473048513" remote="-4611698418819321672" Dst="-1" /><file name="s1.jpg" server="eentertainment.co//eentertainment.co/" local="3473048515" remote="-4611698418819321672" Dst="-1" /><file name="prof2.jpg" server="eentertainment.co//eentertainment.co/" local="3473048515" remote="-4611698418819321672" Dst="-1" /><file name="usrimg.jpg" server="eentertainment.co//eentertainment.co/" local="3473048516" remote="-4611698418819321672" Dst="-1" /></dwsync>